s,Pa,Pa,m/s,m/s,m/s,m3/s
Time,"INLET PRESSURE","EXIT PRESSURE","Uinst","Vinst","Winst","QDOT"
 0.0000000E+000, 0.0000000E+000, 0.0000000E+000, 1.1278718E-002,-9.8759954E-003, 7.5178196E-003, 4.4723340E-019
 7.1151247E-001, 4.6719955E+000, 7.1102334E-001, 5.2123322E-002,-9.6535806E-003, 6.7186857E-003, 3.2666517E-001
 1.3439680E+000, 2.2384724E+000, 3.4155029E-001, 9.8991753E-002,-8.3534958E-003, 4.3081158E-003, 7.0080220E-001
 1.9764235E+000, 7.6497407E-001, 1.1787802E-001, 1.1542770E-001,-4.9221181E-003, 1.2985421E-003, 8.3834095E-001
 2.6088791E+000, 2.2542206E-001, 3.5893433E-002, 1.1846925E-001,-8.4813700E-005,-1.3612543E-003, 8.8210218E-001
 3.2413346E+000, 6.1663570E-002, 1.0867788E-002, 1.1624312E-001, 4.5599194E-003,-3.0582593E-003, 8.9490716E-001
 3.8737901E+000, 1.5648835E-002, 3.6387968E-003, 1.1273443E-001, 7.5687862E-003,-3.7640920E-003, 8.9855918E-001
 4.5853026E+000, 3.3500756E-003, 1.5319652E-003, 1.0990655E-001, 8.2477730E-003,-3.8498187E-003, 8.9961745E-001
 5.2177581E+000, 6.9675677E-004, 9.6094595E-004, 1.0906881E-001, 6.5991534E-003,-3.4157821E-003, 8.9990191E-001
 5.8502137E+000, 1.2452209E-004, 8.1669152E-004, 1.1019700E-001, 3.6532644E-003,-2.5700017E-003, 8.9997231E-001
 6.4826692E+000,-7.7333408E-004, 7.7326230E-004, 1.1254119E-001, 2.6119913E-004,-1.3216798E-003, 8.9999218E-001
 7.1151247E+000,-2.2788957E-003, 7.5803087E-004, 1.1500862E-001,-2.7933744E-003, 2.4891845E-004, 8.9999779E-001
 7.7475803E+000,-3.6213250E-003, 7.5033146E-004, 1.1636231E-001,-4.8656402E-003, 1.7743373E-003, 8.9999938E-001
 8.4590927E+000,-4.1724368E-003, 7.4501108E-004, 1.1563983E-001,-5.6958554E-003, 2.7377923E-003, 8.9999983E-001
 9.0915483E+000,-3.8228839E-003, 7.4117206E-004, 1.1292469E-001,-5.2594094E-003, 2.5351796E-003, 8.9999996E-001
 9.7240038E+000,-3.2196939E-003, 7.3692572E-004, 1.0950347E-001,-4.0810522E-003, 1.1926968E-003, 8.9999999E-001
 1.0356459E+001,-2.9787384E-003, 7.3205134E-004, 1.0646750E-001,-2.6494430E-003,-8.1790272E-004, 9.0000000E-001
 1.0988915E+001,-3.1839743E-003, 7.2740243E-004, 1.0495893E-001,-1.3497012E-003,-2.6887468E-003, 9.0000000E-001
 1.1621370E+001,-3.6098307E-003, 7.2330337E-004, 1.0544659E-001,-3.4803458E-004,-3.6166673E-003, 9.0000000E-001
 1.2332883E+001,-4.0448006E-003, 7.1929285E-004, 1.0836775E-001, 2.4405215E-004,-3.1066074E-003, 9.0000000E-001
 1.2965338E+001,-4.3422355E-003, 7.1493841E-004, 1.1298768E-001, 3.8309069E-004,-1.4167723E-003, 9.0000000E-001
 1.3597794E+001,-4.5119321E-003, 7.1048465E-004, 1.1761574E-001, 1.9922934E-004, 4.7271434E-004, 9.0000000E-001
 1.4230249E+001,-4.6945545E-003, 7.0644252E-004, 1.2110284E-001,-3.6158286E-005, 1.8693484E-003, 9.0000000E-001
 1.4862705E+001,-4.9323606E-003, 7.0272332E-004, 1.2223233E-001,-3.4259505E-005, 2.2749429E-003, 9.0000000E-001
 1.5495161E+001,-5.1985642E-003, 6.9868951E-004, 1.2074181E-001, 3.1983618E-004, 1.5339463E-003, 9.0000000E-001
 1.6127616E+001,-5.4965754E-003, 6.9439477E-004, 1.1759223E-001, 9.4185368E-004,-1.5801145E-004, 9.0000000E-001
 1.6839129E+001,-5.8376080E-003, 6.9034574E-004, 1.1397597E-001, 1.5164197E-003,-2.4351899E-003, 9.0000000E-001
 1.7471584E+001,-6.1962133E-003, 6.8690823E-004, 1.1150536E-001, 1.7037906E-003,-4.3055377E-003, 9.0000000E-001
 1.8104040E+001,-6.4995611E-003, 6.8337121E-004, 1.1076711E-001, 1.3760701E-003,-4.7465411E-003, 9.0000000E-001
 1.8736495E+001,-6.7222706E-003, 6.7946303E-004, 1.1135535E-001, 4.8050920E-004,-3.4081409E-003, 9.0000000E-001
 1.9368951E+001,-6.8575990E-003, 6.7617091E-004, 1.1270781E-001,-8.7040258E-004,-6.2749904E-004, 9.0000000E-001
 2.0001406E+001,-6.8969935E-003, 6.7374502E-004, 1.1410708E-001,-2.3990944E-003, 2.6453021E-003, 9.0000000E-001
 2.0712919E+001,-6.8406075E-003, 6.7067056E-004, 1.1494995E-001,-3.6987843E-003, 5.3164532E-003, 9.0000000E-001
 2.1345374E+001,-6.7165769E-003, 6.6672753E-004, 1.1486279E-001,-4.1405356E-003, 6.1714277E-003, 9.0000000E-001
 2.1977830E+001,-6.6162151E-003, 6.6277919E-004, 1.1413038E-001,-3.4817248E-003, 5.0043445E-003, 9.0000000E-001
 2.2610285E+001,-6.5898538E-003, 6.5939689E-004, 1.1327546E-001,-1.9134412E-003, 2.4187122E-003, 9.0000000E-001
 2.3242741E+001,-6.6430549E-003, 6.5651533E-004, 1.1265014E-001, 9.2697319E-005,-3.9540958E-004, 9.0000000E-001
 2.3875196E+001,-6.7485205E-003, 6.5361958E-004, 1.1246610E-001, 1.9736317E-003,-2.3430720E-003, 9.0000000E-001
 2.4586709E+001,-6.8878017E-003, 6.5010985E-004, 1.1287043E-001, 3.2465020E-003,-2.8201940E-003, 9.0000000E-001
 2.5219164E+001,-7.0497873E-003, 6.4652254E-004, 1.1379671E-001, 3.4574209E-003,-1.8220016E-003, 9.0000000E-001
 2.5851620E+001,-7.2040589E-003, 6.4333856E-004, 1.1497292E-001, 2.7180033E-003,-1.6959127E-004, 9.0000000E-001
 2.6484075E+001,-7.3346912E-003, 6.4029022E-004, 1.1620819E-001, 1.4705297E-003, 1.3233120E-003, 9.0000000E-001
 2.7116531E+001,-7.4285358E-003, 6.3708894E-004, 1.1720408E-001, 2.6867355E-004, 1.9304633E-003, 9.0000000E-001
 2.7748986E+001,-7.5106910E-003, 6.3413914E-004, 1.1770825E-001,-3.5800919E-004, 1.3077940E-003, 9.0000000E-001
 2.8381442E+001,-7.6144536E-003, 6.3174982E-004, 1.1762626E-001,-1.5374767E-004,-3.3767518E-004, 9.0000000E-001
 2.9092954E+001,-7.7415225E-003, 6.2947539E-004, 1.1700303E-001, 8.2715628E-004,-2.4528218E-003, 9.0000000E-001
 2.9725410E+001,-7.8513855E-003, 6.2692281E-004, 1.1608985E-001, 2.0632360E-003,-3.9960396E-003, 9.0000000E-001
 3.0357866E+001,-7.9089670E-003, 6.2431189E-004, 1.1520900E-001, 2.8949029E-003,-4.2814366E-003, 9.0000000E-001
 3.0990321E+001,-7.9214132E-003, 6.2161793E-004, 1.1450074E-001, 2.9881889E-003,-3.3130504E-003, 9.0000000E-001
 3.1622777E+001,-7.9279243E-003, 6.1864863E-004, 1.1405915E-001, 2.2158228E-003,-1.4688919E-003, 9.0000000E-001
 3.2255232E+001,-7.9614527E-003, 6.1549786E-004, 1.1387453E-001, 7.6564266E-004, 5.6069239E-004, 9.0000000E-001
 3.2966745E+001,-8.0351551E-003, 6.1230264E-004, 1.1384587E-001,-1.0221870E-003, 2.1010655E-003, 9.0000000E-001
 3.3599200E+001,-8.1310610E-003, 6.0966000E-004, 1.1384030E-001,-2.4707117E-003, 2.5134532E-003, 9.0000000E-001
 3.4231656E+001,-8.2132316E-003, 6.0737504E-004, 1.1377078E-001,-3.0869811E-003, 1.8422002E-003, 9.0000000E-001
 3.4864111E+001,-8.2836311E-003, 6.0468550E-004, 1.1364378E-001,-2.8472635E-003, 5.7399475E-004, 9.0000000E-001
 3.5496567E+001,-8.3448948E-003, 6.0169762E-004, 1.1350557E-001,-1.9601411E-003,-6.6547837E-004, 9.0000000E-001
 3.6129022E+001,-8.3856199E-003, 5.9907075E-004, 1.1339354E-001,-8.4022995E-004,-1.3657952E-003, 9.0000000E-001
 3.6840535E+001,-8.3907608E-003, 5.9677338E-004, 1.1342963E-001, 1.6934031E-004,-1.3354734E-003, 9.0000000E-001
 3.7472990E+001,-8.3512369E-003, 5.9442362E-004, 1.1376817E-001, 6.8757412E-004,-7.4262540E-004, 9.0000000E-001
 3.8105446E+001,-8.2908163E-003, 5.9179172E-004, 1.1444236E-001, 6.1911840E-004,-4.2606938E-005, 9.0000000E-001
 3.8737901E+001,-8.2324731E-003, 5.8927553E-004, 1.1530737E-001, 9.9462539E-005, 4.2195499E-004, 9.0000000E-001
 3.9370357E+001,-8.1820057E-003, 5.8700052E-004, 1.1607352E-001,-6.6535114E-004, 4.5336848E-004, 9.0000000E-001
 4.0002812E+001,-8.1364048E-003, 5.8473807E-004, 1.1642904E-001,-1.4054473E-003, 9.3868282E-005, 9.0000000E-001
 4.0635268E+001,-8.0978517E-003, 5.8211553E-004, 1.1619562E-001,-1.8599737E-003,-4.3566266E-004, 9.0000000E-001
 4.1346780E+001,-8.0712466E-003, 5.7935456E-004, 1.1537633E-001,-1.8258364E-003,-8.7886119E-004, 9.0000000E-001
 4.1979236E+001,-8.0621298E-003, 5.7704087E-004, 1.1432676E-001,-1.2370421E-003,-9.9559016E-004, 9.0000000E-001
 4.2611691E+001,-8.0652298E-003, 5.7538235E-004, 1.1357902E-001,-2.8870130E-004,-7.7308399E-004, 9.0000000E-001
 4.3244147E+001,-8.0704436E-003, 5.7394680E-004, 1.1347575E-001, 7.6411666E-004,-3.5594773E-004, 9.0000000E-001
 4.3876603E+001,-8.0707416E-003, 5.7237932E-004, 1.1420942E-001, 1.5750339E-003, 7.5862711E-005, 9.0000000E-001
 4.4509058E+001,-8.0629176E-003, 5.7066874E-004, 1.1566321E-001, 1.8367318E-003, 3.8144511E-004, 9.0000000E-001
 4.5220571E+001,-8.0451057E-003, 5.6849160E-004, 1.1748532E-001, 1.4018397E-003, 4.8581843E-004, 9.0000000E-001
 4.5853026E+001,-8.0189003E-003, 5.6583896E-004, 1.1895959E-001, 4.4903145E-004, 3.9399626E-004, 9.0000000E-001
 4.6485482E+001,-7.9868792E-003, 5.6292686E-004, 1.1952721E-001,-5.5197260E-004, 2.1323779E-004, 9.0000000E-001
 4.7117937E+001,-7.9504278E-003, 5.6002550E-004, 1.1907501E-001,-1.2003540E-003, 3.7820495E-005, 9.0000000E-001
 4.7750393E+001,-7.9152701E-003, 5.5750362E-004, 1.1784650E-001,-1.2152248E-003,-7.9668798E-005, 9.0000000E-001
 4.8382848E+001,-7.8849792E-003, 5.5531532E-004, 1.1626696E-001,-5.4461119E-004,-1.2349240E-004, 9.0000000E-001
 4.9094361E+001,-7.8543445E-003, 5.5291845E-004, 1.1479062E-001, 6.4548005E-004,-1.3424019E-004, 9.0000000E-001
 4.9726816E+001,-7.8193799E-003, 5.5037983E-004, 1.1399432E-001, 1.7732282E-003,-1.6493854E-004, 9.0000000E-001
 5.0359272E+001,-7.7825992E-003, 5.4805324E-004, 1.1403490E-001, 2.2625281E-003,-2.3251152E-004, 9.0000000E-001
 5.0991727E+001,-7.7490949E-003, 5.4615914E-004, 1.1467022E-001, 1.9387189E-003,-3.2496039E-004, 9.0000000E-001
 5.1624183E+001,-7.7208251E-003, 5.4467283E-004, 1.1550614E-001, 9.2035320E-004,-4.1095326E-004, 9.0000000E-001
 5.2256638E+001,-7.6904892E-003, 5.4320521E-004, 1.1612375E-001,-3.6472256E-004,-4.8600477E-004, 9.0000000E-001
 5.2968151E+001,-7.6475838E-003, 5.4127935E-004, 1.1626646E-001,-1.4317567E-003,-5.8004133E-004, 9.0000000E-001
 5.3600606E+001,-7.5946692E-003, 5.3888488E-004, 1.1593079E-001,-1.7273576E-003,-7.0793048E-004, 9.0000000E-001
 5.4233062E+001,-7.5399099E-003, 5.3628715E-004, 1.1544927E-001,-1.1470122E-003,-8.5385413E-004, 9.0000000E-001
 5.4865517E+001,-7.4821271E-003, 5.3366361E-004, 1.1515850E-001, 5.4760072E-006,-9.7542375E-004, 9.0000000E-001
 5.5497973E+001,-7.4241921E-003, 5.3118180E-004, 1.1530152E-001, 1.2067662E-003,-9.9087722E-004, 9.0000000E-001
 5.6130428E+001,-7.3698419E-003, 5.2879645E-004, 1.1591803E-001, 1.8816629E-003,-8.2283080E-004, 9.0000000E-001
 5.6762884E+001,-7.3211790E-003, 5.2642004E-004, 1.1681161E-001, 1.6767068E-003,-4.5647255E-004, 9.0000000E-001
 5.7474396E+001,-7.2755462E-003, 5.2412944E-004, 1.1765355E-001, 5.7202400E-004, 6.2166601E-005, 9.0000000E-001
 5.8106852E+001,-7.2384735E-003, 5.2232054E-004, 1.1799747E-001,-8.9523767E-004, 5.4481940E-004, 9.0000000E-001
 5.8739308E+001,-7.2193342E-003, 5.2104442E-004, 1.1772027E-001,-1.9761509E-003, 7.8355314E-004, 9.0000000E-001
 5.9371763E+001,-7.2164915E-003, 5.1996026E-004, 1.1704331E-001,-2.2885209E-003, 6.7505452E-004, 9.0000000E-001
 6.0004219E+001,-7.2175052E-003, 5.1881855E-004, 1.1635144E-001,-1.7053250E-003, 2.0619803E-004, 9.0000000E-001
 6.0636674E+001,-7.2072229E-003, 5.1770213E-004, 1.1605208E-001,-4.9958694E-004,-4.6619128E-004, 9.0000000E-001
 6.1348187E+001,-7.1759949E-003, 5.1646411E-004, 1.1644410E-001, 8.3147934E-004,-1.0974657E-003, 9.0000000E-001
 6.1980642E+001,-7.1252811E-003, 5.1504873E-004, 1.1752365E-001, 1.5492558E-003,-1.3639580E-003, 9.0000000E-001
 6.2613098E+001,-7.0595319E-003, 5.1351943E-004, 1.1889628E-001, 1.3087417E-003,-1.1723915E-003, 9.0000000E-001
 6.3245553E+001,-6.9777958E-003, 5.1189785E-004, 1.2018297E-001, 3.0205870E-004,-6.7051648E-004, 9.0000000E-001
 6.3878009E+001,-6.8883280E-003, 5.1009367E-004, 1.2100302E-001,-1.0279736E-003,-9.0655032E-005, 9.0000000E-001
 6.4510464E+001,-6.8037375E-003, 5.0793741E-004, 1.2112684E-001,-2.1284085E-003, 3.4039913E-004, 9.0000000E-001
 6.5221977E+001,-6.7282678E-003, 5.0524592E-004, 1.2051886E-001,-2.5712571E-003, 4.7742351E-004, 9.0000000E-001
 6.5854432E+001,-6.6693861E-003, 5.0269772E-004, 1.1947015E-001,-2.1725442E-003, 2.8462538E-004, 9.0000000E-001
 6.6486888E+001,-6.6292994E-003, 5.0092772E-004, 1.1846863E-001,-1.2549723E-003,-8.0942460E-005, 9.0000000E-001
 6.7119343E+001,-6.6020912E-003, 4.9970175E-004, 1.1778636E-001,-2.5998513E-004,-4.2870953E-004, 9.0000000E-001
 6.7751799E+001,-6.5839268E-003, 4.9853725E-004, 1.1756527E-001, 4.3137323E-004,-5.8491103E-004, 9.0000000E-001
 6.8384254E+001,-6.5687145E-003, 4.9718151E-004, 1.1776355E-001, 6.4973871E-004,-4.5889164E-004, 9.0000000E-001
 6.9016710E+001,-6.5494389E-003, 4.9577522E-004, 1.1822608E-001, 4.9504754E-004,-8.1770277E-005, 9.0000000E-001
 6.9728222E+001,-6.5227743E-003, 4.9436631E-004, 1.1881895E-001, 2.4456671E-004, 4.3912733E-004, 9.0000000E-001
 7.0360678E+001,-6.4953739E-003, 4.9279894E-004, 1.1939891E-001, 2.3198634E-004, 8.7528102E-004, 9.0000000E-001
 7.0993133E+001,-6.4720215E-003, 4.9101142E-004, 1.1991052E-001, 5.5936759E-004, 1.0588101E-003, 9.0000000E-001
 7.1625589E+001,-6.4502465E-003, 4.8910974E-004, 1.2039917E-001, 1.0787898E-003, 9.8493778E-004, 9.0000000E-001
 7.2258045E+001,-6.4290526E-003, 4.8739696E-004, 1.2083685E-001, 1.5033888E-003, 7.1558203E-004, 9.0000000E-001
 7.2890500E+001,-6.4053017E-003, 4.8596536E-004, 1.2112727E-001, 1.5552822E-003, 3.7035176E-004, 9.0000000E-001
 7.3602013E+001,-6.3777985E-003, 4.8456929E-004, 1.2111436E-001, 1.0724288E-003, 5.4915453E-005, 9.0000000E-001
 7.4234468E+001,-6.3538906E-003, 4.8313933E-004, 1.2065809E-001, 2.0059576E-004,-1.3061362E-004, 9.0000000E-001
 7.4866924E+001,-6.3344787E-003, 4.8166917E-004, 1.1981220E-001,-6.4905450E-004,-1.7968733E-004, 9.0000000E-001
 7.5499379E+001,-6.3143883E-003, 4.7995854E-004, 1.1871394E-001,-1.1737171E-003,-1.5304966E-004, 9.0000000E-001
 7.6131835E+001,-6.2910992E-003, 4.7806723E-004, 1.1761327E-001,-1.1775832E-003,-1.0389148E-004, 9.0000000E-001
 7.6764290E+001,-6.2676469E-003, 4.7620793E-004, 1.1678294E-001,-7.0894920E-004,-6.5760473E-005, 9.0000000E-001
 7.7475803E+001,-6.2542956E-003, 4.7463542E-004, 1.1643640E-001, 2.4491380E-005,-4.3221164E-005, 9.0000000E-001
 7.8108258E+001,-6.2556908E-003, 4.7358080E-004, 1.1671394E-001, 6.3154491E-004,-2.7872539E-005, 9.0000000E-001
 7.8740714E+001,-6.2659524E-003, 4.7280097E-004, 1.1748748E-001, 8.4037904E-004,-1.1861794E-005, 9.0000000E-001
 7.9373169E+001,-6.2857597E-003, 4.7183713E-004, 1.1854469E-001, 6.5949735E-004, 5.0900411E-006, 9.0000000E-001
 8.0005625E+001,-6.3139623E-003, 4.7043408E-004, 1.1961276E-001, 2.3804937E-004, 2.7021861E-005, 9.0000000E-001
 8.0638080E+001,-6.3489076E-003, 4.6852335E-004, 1.2043609E-001,-1.7516899E-004, 7.9903222E-005, 9.0000000E-001
 8.1270536E+001,-6.3902546E-003, 4.6615836E-004, 1.2085253E-001,-3.7001314E-004, 2.0782990E-004, 9.0000000E-001
 8.1982048E+001,-6.4346216E-003, 4.6331920E-004, 1.2082477E-001,-2.7571723E-004, 4.6698128E-004, 9.0000000E-001
 8.2614504E+001,-6.4768904E-003, 4.6046929E-004, 1.2045428E-001,-1.8534354E-005, 8.3459709E-004, 9.0000000E-001
 8.3246959E+001,-6.5131522E-003, 4.5819481E-004, 1.1997024E-001, 1.6678016E-004, 1.1879815E-003, 9.0000000E-001
 8.3879415E+001,-6.5437016E-003, 4.5667490E-004, 1.1953055E-001, 1.5166778E-004, 1.4010521E-003, 9.0000000E-001
 8.4511870E+001,-6.5757158E-003, 4.5601957E-004, 1.1924589E-001,-7.0657557E-005, 1.3351812E-003, 9.0000000E-001
 8.5144326E+001,-6.6142912E-003, 4.5596109E-004, 1.1914942E-001,-3.8135388E-004, 9.3154213E-004, 9.0000000E-001
 8.5855838E+001,-6.6571357E-003, 4.5601192E-004, 1.1921429E-001,-6.1142660E-004, 1.9774769E-004, 9.0000000E-001
 8.6488294E+001,-6.6986604E-003, 4.5576557E-004, 1.1936987E-001,-5.8362340E-004,-6.6721761E-004, 9.0000000E-001
 8.7120750E+001,-6.7332622E-003, 4.5509027E-004, 1.1954566E-001,-2.9527256E-004,-1.4008861E-003, 9.0000000E-001
 8.7753205E+001,-6.7631902E-003, 4.5394730E-004, 1.1972638E-001, 1.2416677E-004,-1.8704976E-003, 9.0000000E-001
 8.8385661E+001,-6.7925865E-003, 4.5236444E-004, 1.1990374E-001, 4.9284335E-004,-1.9502612E-003, 9.0000000E-001
 8.9018116E+001,-6.8164184E-003, 4.5052244E-004, 1.2006505E-001, 6.7139254E-004,-1.6222420E-003, 9.0000000E-001
 8.9729629E+001,-6.8298447E-003, 4.4858690E-004, 1.2019991E-001, 6.2568102E-004,-9.5865554E-004, 9.0000000E-001
 9.0362084E+001,-6.8373875E-003, 4.4691676E-004, 1.2028810E-001, 4.5254034E-004,-2.2059790E-004, 9.0000000E-001
 9.0994540E+001,-6.8442136E-003, 4.4564195E-004, 1.2033400E-001, 3.2407320E-004, 3.1773381E-004, 9.0000000E-001
 9.1626995E+001,-6.8512665E-003, 4.4458324E-004, 1.2035969E-001, 3.2550313E-004, 5.8051576E-004, 9.0000000E-001
 9.2259451E+001,-6.8533035E-003, 4.4358275E-004, 1.2038191E-001, 4.3393140E-004, 5.6863486E-004, 9.0000000E-001
 9.2891906E+001,-6.8503883E-003, 4.4236979E-004, 1.2041998E-001, 5.2007671E-004, 3.7438849E-004, 9.0000000E-001
 9.3603419E+001,-6.8519904E-003, 4.4042004E-004, 1.2050496E-001, 4.1580616E-004, 1.0557638E-004, 9.0000000E-001
 9.4235874E+001,-6.8581230E-003, 4.3751874E-004, 1.2065938E-001, 4.3456938E-005,-1.2624488E-004, 9.0000000E-001
 9.4868330E+001,-6.8621511E-003, 4.3392793E-004, 1.2087604E-001,-4.7717824E-004,-2.9192475E-004, 9.0000000E-001
 9.5500785E+001,-6.8575592E-003, 4.2974826E-004, 1.2114067E-001,-9.7417640E-004,-4.5884022E-004, 9.0000000E-001
 9.6133241E+001,-6.8444643E-003, 4.2515036E-004, 1.2140464E-001,-1.2636357E-003,-6.9414792E-004, 9.0000000E-001
 9.6765696E+001,-6.8332960E-003, 4.2016773E-004, 1.2159029E-001,-1.2610952E-003,-1.0184355E-003, 9.0000000E-001
 9.7398152E+001,-6.8251761E-003, 4.1480792E-004, 1.2160628E-001,-1.0337097E-003,-1.3798342E-003, 9.0000000E-001
 9.8109664E+001,-6.8138661E-003, 4.0895590E-004, 1.2135805E-001,-7.6169206E-004,-1.6930929E-003, 9.0000000E-001
 9.8742120E+001,-6.7950144E-003, 4.0329275E-004, 1.2084091E-001,-6.9330031E-004,-1.8359412E-003, 9.0000000E-001
 9.9374575E+001,-6.7744602E-003, 3.9799251E-004, 1.2018229E-001,-9.1279782E-004,-1.7754580E-003, 9.0000000E-001
 1.0000703E+002,-6.7626553E-003, 3.9179372E-004, 1.1950105E-001,-1.2977206E-003,-1.5646688E-003, 9.0000000E-001
 1.0063949E+002,-6.7607816E-003, 3.8324119E-004, 1.1896079E-001,-1.6002180E-003,-1.2820485E-003, 9.0000000E-001
 1.0127194E+002,-6.7606341E-003, 3.7093536E-004, 1.1870257E-001,-1.5669906E-003,-1.0018535E-003, 9.0000000E-001
 1.0198345E+002,-6.7576361E-003, 3.5280498E-004, 1.1881385E-001,-1.0325284E-003,-7.4559991E-004, 9.0000000E-001
 1.0261591E+002,-6.7558675E-003, 3.2982859E-004, 1.1925612E-001,-1.1852940E-004,-5.1541600E-004, 9.0000000E-001
 1.0324837E+002,-6.7584017E-003, 3.0530975E-004, 1.1983140E-001, 7.9177665E-004,-2.8282018E-004, 9.0000000E-001
 1.0388082E+002,-6.7613747E-003, 2.8122097E-004, 1.2037929E-001, 1.4004891E-003,-8.1966517E-006, 9.0000000E-001
 1.0451328E+002,-6.7573702E-003, 2.6171262E-004, 1.2076016E-001, 1.4837759E-003, 2.9493852E-004, 9.0000000E-001
 1.0514573E+002,-6.7441655E-003, 2.5054203E-004, 1.2090780E-001, 1.0548865E-003, 5.6163330E-004, 9.0000000E-001
 1.0585724E+002,-6.7232467E-003, 2.4838819E-004, 1.2082595E-001, 3.2968782E-004, 6.9026944E-004, 9.0000000E-001
 1.0648970E+002,-6.6993444E-003, 2.4987935E-004, 1.2059871E-001,-2.4098310E-004, 5.7343479E-004, 9.0000000E-001
 1.0712216E+002,-6.6806527E-003, 2.4532070E-004, 1.2036355E-001,-3.3490998E-004, 2.3683675E-004, 9.0000000E-001
 1.0775461E+002,-6.6687343E-003, 2.2852605E-004, 1.2019728E-001, 2.4498267E-005,-2.0756486E-004, 9.0000000E-001
 1.0838707E+002,-6.6600412E-003, 1.9949742E-004, 1.2012888E-001, 6.0144786E-004,-5.9627034E-004, 9.0000000E-001
 1.0901952E+002,-6.6516014E-003, 1.6280600E-004, 1.2013188E-001, 1.0387161E-003,-7.8890634E-004, 9.0000000E-001
 1.0965198E+002,-6.6400804E-003, 1.2198588E-004, 1.2015656E-001, 1.0560981E-003,-7.3216472E-004, 9.0000000E-001
 1.1036349E+002,-6.6238910E-003, 7.3339236E-005, 1.2017150E-001, 5.6290874E-004,-4.7000693E-004, 9.0000000E-001
 1.1099595E+002,-6.6075316E-003, 1.7586299E-005, 1.2019333E-001,-1.8442624E-004,-1.8662809E-004, 9.0000000E-001
 1.1162840E+002,-6.5939643E-003,-4.2235244E-005, 1.2028389E-001,-7.2651565E-004,-8.7842650E-005, 9.0000000E-001
 1.1226086E+002,-6.5825586E-003,-1.0513277E-004, 1.2051092E-001,-7.8810800E-004,-2.4678379E-004, 9.0000000E-001
 1.1289331E+002,-6.5757382E-003,-1.5954175E-004, 1.2090062E-001,-2.9391937E-004,-6.1167641E-004, 9.0000000E-001
 1.1352577E+002,-6.5773387E-003,-1.9756843E-004, 1.2140606E-001, 5.3585939E-004,-1.0033486E-003, 9.0000000E-001
 1.1423728E+002,-6.5886964E-003,-2.2349415E-004, 1.2193639E-001, 1.3148044E-003,-1.1977295E-003, 9.0000000E-001
 1.1486974E+002,-6.6049011E-003,-2.3929199E-004, 1.2229161E-001, 1.5518546E-003,-1.0032604E-003, 9.0000000E-001
 1.1550219E+002,-6.6194915E-003,-2.4795466E-004, 1.2234117E-001, 1.1178599E-003,-4.6778610E-004, 9.0000000E-001
 1.1613465E+002,-6.6333536E-003,-2.5992262E-004, 1.2209747E-001, 2.4995565E-004, 2.1678434E-004, 9.0000000E-001
 1.1676710E+002,-6.6488552E-003,-2.7711275E-004, 1.2165348E-001,-6.3762928E-004, 7.7826823E-004, 9.0000000E-001
 1.1739956E+002,-6.6651163E-003,-2.8829186E-004, 1.2117664E-001,-1.1355822E-003, 9.9211128E-004, 9.0000000E-001
 1.1811107E+002,-6.6788856E-003,-2.9686332E-004, 1.2082924E-001,-1.0247590E-003, 7.6115412E-004, 9.0000000E-001
 1.1874353E+002,-6.6879538E-003,-3.0002356E-004, 1.2075827E-001,-4.2724470E-004, 2.1314244E-004, 9.0000000E-001
 1.1937598E+002,-6.6959015E-003,-2.8971496E-004, 1.2094593E-001, 1.9926297E-004,-3.3341837E-004, 9.0000000E-001
 1.2000844E+002,-6.7069543E-003,-2.7782702E-004, 1.2127347E-001, 4.9029976E-004,-6.4368445E-004, 9.0000000E-001
 1.2064089E+002,-6.7212452E-003,-2.7820126E-004, 1.2159537E-001, 2.6647105E-004,-5.7398551E-004, 9.0000000E-001
 1.2127335E+002,-6.7368438E-003,-2.8732407E-004, 1.2178418E-001,-3.4613001E-004,-1.6319914E-004, 9.0000000E-001
 1.2190580E+002,-6.7492724E-003,-2.9800826E-004, 1.2178009E-001,-9.8005480E-004, 3.8596207E-004, 9.0000000E-001
 1.2261732E+002,-6.7577126E-003,-3.1572504E-004, 1.2159741E-001,-1.2139213E-003, 8.2197433E-004, 9.0000000E-001
 1.2324977E+002,-6.7624284E-003,-3.4500699E-004, 1.2135631E-001,-7.7217102E-004, 8.8624037E-004, 9.0000000E-001
 1.2388223E+002,-6.7626091E-003,-3.8498913E-004, 1.2121275E-001, 1.4438619E-004, 5.4368217E-004, 9.0000000E-001
 1.2451468E+002,-6.7605506E-003,-4.2917390E-004, 1.2124259E-001, 1.1255869E-003,-7.1710459E-005, 9.0000000E-001
 1.2514714E+002,-6.7590881E-003,-4.7000731E-004, 1.2145649E-001, 1.7093124E-003,-7.3393925E-004, 9.0000000E-001
 1.2577959E+002,-6.7597503E-003,-5.1784961E-004, 1.2178990E-001, 1.6261840E-003,-1.1979886E-003, 9.0000000E-001
 1.2649111E+002,-6.7580866E-003,-5.8852830E-004, 1.2216336E-001, 8.8580306E-004,-1.3073936E-003, 9.0000000E-001
 1.2712356E+002,-6.7503241E-003,-6.6365444E-004, 1.2246019E-001,-7.5700538E-005,-1.0668753E-003, 9.0000000E-001
 1.2775602E+002,-6.7371240E-003,-7.0366100E-004, 1.2261957E-001,-6.7684421E-004,-6.9509731E-004, 9.0000000E-001
 1.2838847E+002,-6.7219038E-003,-7.0923070E-004, 1.2265186E-001,-6.5746082E-004,-3.9599076E-004, 9.0000000E-001
 1.2902093E+002,-6.7122255E-003,-7.0152136E-004, 1.2256109E-001,-3.3524960E-005,-3.0473150E-004, 9.0000000E-001
 1.2965338E+002,-6.7080648E-003,-6.9473204E-004, 1.2235652E-001, 8.5811013E-004,-4.3964866E-004, 9.0000000E-001
 1.3036490E+002,-6.7059821E-003,-7.1388805E-004, 1.2203275E-001, 1.5655743E-003,-7.2892884E-004, 9.0000000E-001
 1.3099735E+002,-6.7043909E-003,-7.5713803E-004, 1.2164194E-001, 1.6488600E-003,-9.9426570E-004, 9.0000000E-001
 1.3162981E+002,-6.7054157E-003,-7.8412690E-004, 1.2127738E-001, 1.1109804E-003,-1.0858117E-003, 9.0000000E-001
 1.3226226E+002,-6.7118617E-003,-7.8527155E-004, 1.2100558E-001, 2.6697215E-004,-9.8956369E-004, 9.0000000E-001
 1.3289472E+002,-6.7236842E-003,-7.8006435E-004, 1.2091559E-001,-4.7181928E-004,-7.7316044E-004, 9.0000000E-001
 1.3352717E+002,-6.7356758E-003,-8.0489205E-004, 1.2105932E-001,-7.8558485E-004,-5.5330543E-004, 9.0000000E-001
 1.3423869E+002,-6.7431094E-003,-8.6731846E-004, 1.2144591E-001,-5.7721752E-004,-4.2483551E-004, 9.0000000E-001
 1.3487114E+002,-6.7425315E-003,-9.3460175E-004, 1.2194721E-001,-6.4361526E-005,-4.3387970E-004, 9.0000000E-001
 1.3550360E+002,-6.7384311E-003,-9.8221012E-004, 1.2235480E-001, 3.5062373E-004,-5.2369302E-004, 9.0000000E-001
 1.3613605E+002,-6.7346820E-003,-1.0076796E-003, 1.2253891E-001, 4.5989936E-004,-6.0202583E-004, 9.0000000E-001
 1.3676851E+002,-6.7335116E-003,-1.0297178E-003, 1.2241252E-001, 2.7689931E-004,-5.9240002E-004, 9.0000000E-001
 1.3740096E+002,-6.7351812E-003,-1.0767919E-003, 1.2199938E-001, 4.5743459E-005,-4.7225102E-004, 9.0000000E-001
 1.3803342E+002,-6.7395538E-003,-1.1474736E-003, 1.2143183E-001, 8.6747183E-005,-2.7909953E-004, 9.0000000E-001
 1.3874493E+002,-6.7470810E-003,-1.2085791E-003, 1.2087568E-001, 6.4612520E-004,-7.4040634E-005, 9.0000000E-001
 1.3937739E+002,-6.7595876E-003,-1.2707654E-003, 1.2056523E-001, 1.6321682E-003, 4.4976386E-005, 9.0000000E-001
 1.4000984E+002,-6.7719165E-003,-1.3218221E-003, 1.2060597E-001, 2.6171780E-003, 5.0264942E-006, 9.0000000E-001
 1.4064230E+002,-6.7785261E-003,-1.3483270E-003, 1.2094915E-001, 3.2555644E-003,-2.2875216E-004, 9.0000000E-001
 1.4127475E+002,-6.7780812E-003,-1.3792689E-003, 1.2146981E-001, 3.3186466E-003,-6.6713202E-004, 9.0000000E-001
 1.4190721E+002,-6.7747790E-003,-1.4280714E-003, 1.2197866E-001, 2.8745381E-003,-1.2781455E-003, 9.0000000E-001
 1.4261872E+002,-6.7700981E-003,-1.4734491E-003, 1.2230026E-001, 2.2247969E-003,-2.0453434E-003, 9.0000000E-001
 1.4325118E+002,-6.7628836E-003,-1.5023509E-003, 1.2229348E-001, 1.8617843E-003,-2.8351771E-003, 9.0000000E-001
 1.4388363E+002,-6.7539635E-003,-1.4861795E-003, 1.2200605E-001, 2.0324083E-003,-3.4804958E-003, 9.0000000E-001
 1.4451609E+002,-6.7465853E-003,-1.4151451E-003, 1.2158247E-001, 2.5600704E-003,-3.8697769E-003, 9.0000000E-001
 1.4514854E+002,-6.7465251E-003,-1.3311148E-003, 1.2120285E-001, 2.9661497E-003,-3.8112943E-003, 9.0000000E-001
 1.4578100E+002,-6.7532156E-003,-1.2585133E-003, 1.2104581E-001, 2.6458926E-003,-3.1539180E-003, 9.0000000E-001
 1.4649251E+002,-6.7575361E-003,-1.1974876E-003, 1.2128069E-001, 1.0503087E-003,-1.8157441E-003, 9.0000000E-001
 1.4712497E+002,-6.7546557E-003,-1.1594612E-003, 1.2195848E-001,-1.7250041E-003,-1.5336044E-004, 9.0000000E-001
 1.4775742E+002,-6.7487841E-003,-1.1456937E-003, 1.2284848E-001,-4.8989489E-003, 1.2449211E-003, 9.0000000E-001
 1.4838988E+002,-6.7446497E-003,-1.1362148E-003, 1.2357433E-001,-7.9274402E-003, 2.1537605E-003, 9.0000000E-001
 1.4902233E+002,-6.7405969E-003,-1.1193700E-003, 1.2363274E-001,-1.0376961E-002, 2.6016836E-003, 9.0000000E-001
 1.4965479E+002,-6.7307707E-003,-1.1042086E-003, 1.2275850E-001,-1.2232090E-002, 2.8607048E-003, 9.0000000E-001
 1.5028725E+002,-6.7141157E-003,-1.0983250E-003, 1.2127956E-001,-1.3805358E-002, 3.1579016E-003, 9.0000000E-001
 1.5099876E+002,-6.6963032E-003,-1.1141921E-003, 1.2020724E-001,-1.5642750E-002, 3.5077300E-003, 9.0000000E-001
 1.5163121E+002,-6.6860437E-003,-1.1754450E-003, 1.2125743E-001,-1.8047919E-002, 3.5890854E-003, 9.0000000E-001
 1.5226367E+002,-6.6834197E-003,-1.2479762E-003, 1.2540252E-001,-2.0904865E-002, 3.0040779E-003, 9.0000000E-001
 1.5289612E+002,-6.6811556E-003,-1.2902193E-003, 1.3227541E-001,-2.3528574E-002, 1.4817154E-003, 9.0000000E-001
 1.5352858E+002,-6.6745314E-003,-1.2960015E-003, 1.3972260E-001,-2.3962898E-002,-1.1833313E-003, 9.0000000E-001
 1.5416104E+002,-6.6642493E-003,-1.2858232E-003, 1.4462073E-001,-2.0001491E-002,-5.1502269E-003, 9.0000000E-001
 1.5487255E+002,-6.6530480E-003,-1.2573929E-003, 1.4443695E-001,-1.0401408E-002,-1.0499296E-002, 9.0000000E-001
 1.5550500E+002,-6.6417249E-003,-1.2207670E-003, 1.3905685E-001, 2.0283165E-003,-1.5700875E-002, 9.0000000E-001
 1.5613746E+002,-6.6278933E-003,-1.1798896E-003, 1.3183879E-001, 1.2800325E-002,-1.8458453E-002, 9.0000000E-001
 1.5676992E+002,-6.6101800E-003,-1.0998616E-003, 1.2594749E-001, 2.0477985E-002,-1.7352294E-002, 9.0000000E-001
 1.5740237E+002,-6.5897475E-003,-9.8373977E-004, 1.2358393E-001, 2.4713331E-002,-1.2209665E-002, 9.0000000E-001
 1.5803483E+002,-6.5710931E-003,-8.5068714E-004, 1.2501936E-001, 2.6146849E-002,-5.3318797E-003, 9.0000000E-001
 1.5874634E+002,-6.5548176E-003,-6.9154641E-004, 1.2907225E-001, 2.5618934E-002,-5.1630007E-004, 9.0000000E-001
 1.5937879E+002,-6.5406437E-003,-5.5422573E-004, 1.3313934E-001, 2.3937054E-002,-1.5550388E-003, 9.0000000E-001
 1.6001125E+002,-6.5288970E-003,-4.6940822E-004, 1.3514512E-001, 2.1446011E-002,-7.6391297E-003, 9.0000000E-001
 1.6064371E+002,-6.5168125E-003,-4.0022104E-004, 1.3509157E-001, 1.7358817E-002,-1.4534798E-002, 9.0000000E-001
 1.6127616E+002,-6.5017386E-003,-3.3193213E-004, 1.3424147E-001, 1.0886620E-002,-1.7643961E-002, 9.0000000E-001
 1.6190862E+002,-6.4833302E-003,-2.6479191E-004, 1.3428203E-001, 2.7296607E-003,-1.5392329E-002, 9.0000000E-001
 1.6254107E+002,-6.4653451E-003,-2.1638383E-004, 1.3568698E-001,-4.3434111E-003,-9.8258216E-003, 9.0000000E-001
 1.6325258E+002,-6.4542594E-003,-2.1634521E-004, 1.3741250E-001,-6.9438758E-003,-3.8014502E-003, 9.0000000E-001
 1.6388504E+002,-6.4539566E-003,-2.7164801E-004, 1.3786723E-001,-3.2341250E-003, 6.0778418E-004, 9.0000000E-001
 1.6451750E+002,-6.4584665E-003,-3.4191954E-004, 1.3709386E-001, 4.0019916E-003, 4.0145682E-003, 9.0000000E-001
 1.6514995E+002,-6.4616650E-003,-4.0408866E-004, 1.3695416E-001, 1.0678152E-002, 8.3444127E-003, 9.0000000E-001
 1.6578241E+002,-6.4623705E-003,-4.5758859E-004, 1.3979393E-001, 1.3703087E-002, 1.4139734E-002, 9.0000000E-001
 1.6641486E+002,-6.4618067E-003,-4.9728306E-004, 1.4616026E-001, 1.2880686E-002, 2.0206898E-002, 9.0000000E-001
 1.6712637E+002,-6.4608966E-003,-5.2932091E-004, 1.5374352E-001, 1.0235469E-002, 2.4818264E-002, 9.0000000E-001
 1.6775883E+002,-6.4596388E-003,-5.7532159E-004, 1.5790818E-001, 7.9855495E-003, 2.6231950E-002, 9.0000000E-001
 1.6839129E+002,-6.4550539E-003,-6.3788149E-004, 1.5754113E-001, 5.4524417E-003, 2.4352164E-002, 9.0000000E-001
 1.6902374E+002,-6.4488823E-003,-7.0510053E-004, 1.5535057E-001, 9.2423838E-005, 1.9873529E-002, 9.0000000E-001
 1.6965620E+002,-6.4454800E-003,-7.5468581E-004, 1.5363160E-001,-8.0607712E-003, 1.3800297E-002, 9.0000000E-001
 1.7028865E+002,-6.4478166E-003,-7.7568025E-004, 1.5272773E-001,-1.5360484E-002, 8.1260055E-003, 9.0000000E-001
 1.7100016E+002,-6.4592059E-003,-7.7594372E-004, 1.5185732E-001,-1.7614214E-002, 6.0107326E-003, 9.0000000E-001
 1.7163262E+002,-6.4773363E-003,-7.5018601E-004, 1.5044506E-001,-1.3003711E-002, 1.0233200E-002, 9.0000000E-001
 1.7226508E+002,-6.4967265E-003,-6.9901820E-004, 1.4821136E-001,-3.9652058E-003, 1.8676814E-002, 9.0000000E-001
 1.7289753E+002,-6.5148717E-003,-6.3886513E-004, 1.4503479E-001, 5.9017646E-003, 2.6834015E-002, 9.0000000E-001
 1.7352999E+002,-6.5271937E-003,-5.8697899E-004, 1.4198502E-001, 1.1992809E-002, 3.0913449E-002, 9.0000000E-001
 1.7416244E+002,-6.5301773E-003,-5.4235434E-004, 1.4055026E-001, 1.1146951E-002, 3.0273617E-002, 9.0000000E-001
 1.7487395E+002,-6.5242525E-003,-4.6974555E-004, 1.4066505E-001, 3.4058983E-003, 2.6540736E-002, 9.0000000E-001
 1.7550641E+002,-6.5135076E-003,-3.7381477E-004, 1.4043886E-001,-7.1332210E-003, 2.2551913E-002, 9.0000000E-001
 1.7613887E+002,-6.5035733E-003,-3.0565678E-004, 1.3823067E-001,-1.5489689E-002, 2.0313280E-002, 9.0000000E-001
 1.7677132E+002,-6.4985107E-003,-2.7663117E-004, 1.3385670E-001,-1.9528697E-002, 2.0204543E-002, 9.0000000E-001
 1.7740378E+002,-6.4985833E-003,-2.8171854E-004, 1.2832164E-001,-1.8679961E-002, 2.2369212E-002, 9.0000000E-001
 1.7803623E+002,-6.4990032E-003,-3.2982730E-004, 1.2316395E-001,-1.4560807E-002, 2.6495759E-002, 9.0000000E-001
 1.7866869E+002,-6.4959213E-003,-3.9769223E-004, 1.1978416E-001,-9.7472767E-003, 3.1318414E-002, 9.0000000E-001
 1.7938020E+002,-6.4920800E-003,-4.3016846E-004, 1.1889757E-001,-6.1386420E-003, 3.4800908E-002, 9.0000000E-001
 1.8001266E+002,-6.4940629E-003,-4.2993649E-004, 1.2007327E-001,-4.9356122E-003, 3.4826517E-002, 9.0000000E-001
 1.8064511E+002,-6.4994606E-003,-4.4190721E-004, 1.2135833E-001,-5.9605478E-003, 3.1792518E-002, 9.0000000E-001
 1.8127757E+002,-6.5012271E-003,-4.6598418E-004, 1.2107541E-001,-8.4769720E-003, 2.7587164E-002, 9.0000000E-001
 1.8191002E+002,-6.4948026E-003,-4.9431328E-004, 1.1879943E-001,-1.1436795E-002, 2.4122886E-002, 9.0000000E-001
 1.8254248E+002,-6.4800792E-003,-5.2299161E-004, 1.1584056E-001,-1.3269738E-002, 2.2431296E-002, 9.0000000E-001
 1.8325399E+002,-6.4619725E-003,-5.4027905E-004, 1.1468427E-001,-1.2088740E-002, 2.2438856E-002, 9.0000000E-001
 1.8388645E+002,-6.4490232E-003,-5.3402139E-004, 1.1802197E-001,-6.9143023E-003, 2.2992195E-002, 9.0000000E-001
 1.8451890E+002,-6.4461324E-003,-5.2657233E-004, 1.2599425E-001, 4.2508026E-004, 2.2210985E-002, 9.0000000E-001
 1.8515136E+002,-6.4536156E-003,-5.4593893E-004, 1.3617934E-001, 7.0421732E-003, 1.8882183E-002, 9.0000000E-001
 1.8578381E+002,-6.4690111E-003,-6.0400554E-004, 1.4386424E-001, 1.0248967E-002, 1.3678380E-002, 9.0000000E-001
 1.8641627E+002,-6.4877454E-003,-6.6219108E-004, 1.4542987E-001, 9.9261084E-003, 9.2332877E-003, 9.0000000E-001
 1.8712778E+002,-6.5022432E-003,-6.8532948E-004, 1.4108302E-001, 8.3373155E-003, 7.9022199E-003, 9.0000000E-001
 1.8776024E+002,-6.5080319E-003,-6.6762970E-004, 1.3515832E-001, 8.1360001E-003, 9.8362325E-003, 9.0000000E-001
 1.8839269E+002,-6.5148102E-003,-6.4119611E-004, 1.3194360E-001, 9.3171779E-003, 1.3143674E-002, 9.0000000E-001
 1.8902515E+002,-6.5287231E-003,-6.3808864E-004, 1.3285621E-001, 9.7322436E-003, 1.6209755E-002, 9.0000000E-001
 1.8965760E+002,-6.5435581E-003,-6.5156424E-004, 1.3818468E-001, 7.8565141E-003, 1.6813244E-002, 9.0000000E-001
 1.9029006E+002,-6.5495170E-003,-6.8605117E-004, 1.4672140E-001, 4.1305516E-003, 1.2422484E-002, 9.0000000E-001
 1.9092251E+002,-6.5475914E-003,-7.3737308E-004, 1.5551993E-001,-3.4719520E-004, 2.9490175E-003, 9.0000000E-001
 1.9163403E+002,-6.5461987E-003,-8.0270268E-004, 1.6120106E-001,-5.1290813E-003,-7.6640956E-003, 9.0000000E-001
 1.9226648E+002,-6.5520176E-003,-9.0332454E-004, 1.6161094E-001,-8.3867141E-003,-1.2056735E-002, 9.0000000E-001
 1.9289894E+002,-6.5638527E-003,-1.0131006E-003, 1.5917559E-001,-8.1368442E-003,-8.7911274E-003, 9.0000000E-001
 1.9353139E+002,-6.5726243E-003,-1.1101874E-003, 1.5788733E-001,-5.2981694E-003,-2.8657026E-003, 9.0000000E-001
 1.9416385E+002,-6.5707131E-003,-1.1961188E-003, 1.5961949E-001,-3.2289305E-003, 1.4325249E-003, 9.0000000E-001
 1.9479630E+002,-6.5599714E-003,-1.2798882E-003, 1.6270441E-001,-4.6675978E-003, 4.0936133E-003, 9.0000000E-001
 1.9550782E+002,-6.5455442E-003,-1.3910051E-003, 1.6341903E-001,-9.9229279E-003, 7.9067476E-003, 9.0000000E-001
 1.9614027E+002,-6.5320072E-003,-1.5249661E-003, 1.5931744E-001,-1.6356389E-002, 1.3527539E-002, 9.0000000E-001
 1.9677273E+002,-6.5198428E-003,-1.6495683E-003, 1.5249648E-001,-2.0227034E-002, 1.8617689E-002, 9.0000000E-001
 1.9740518E+002,-6.5053090E-003,-1.7390524E-003, 1.4628716E-001,-1.8481555E-002, 2.1685513E-002, 9.0000000E-001
 1.9803764E+002,-6.4877764E-003,-1.7562969E-003, 1.4320108E-001,-8.2545022E-003, 2.1927563E-002, 9.0000000E-001
 1.9867009E+002,-6.4671042E-003,-1.7066344E-003, 1.4286465E-001, 1.0343613E-002, 1.9756254E-002, 9.0000000E-001
 1.9938161E+002,-6.4384252E-003,-1.6012422E-003, 1.4179429E-001, 3.3370816E-002, 1.8357132E-002, 9.0000000E-001
 2.0001406E+002,-6.4045852E-003,-1.4597030E-003, 1.3728275E-001, 5.0926726E-002, 2.0911993E-002, 9.0000000E-001
 2.0064652E+002,-6.3752758E-003,-1.3189301E-003, 1.3200839E-001, 5.7228845E-002, 2.4233420E-002, 9.0000000E-001
 2.0127897E+002,-6.3558994E-003,-1.1970872E-003, 1.3109644E-001, 5.3695351E-002, 2.2527411E-002, 9.0000000E-001
 2.0191143E+002,-6.3481772E-003,-1.1121642E-003, 1.3808926E-001, 4.2823156E-002, 1.2428134E-002, 9.0000000E-001
 2.0254388E+002,-6.3450945E-003,-1.0448294E-003, 1.5044724E-001, 2.6851351E-002,-3.6532629E-003, 9.0000000E-001
 2.0317634E+002,-6.3395919E-003,-9.6223900E-004, 1.5962400E-001, 8.8954784E-003,-1.8865378E-002, 9.0000000E-001
 2.0388785E+002,-6.3315018E-003,-8.7553751E-004, 1.5748239E-001,-5.3698201E-003,-2.7770183E-002, 9.0000000E-001
 2.0452031E+002,-6.3295945E-003,-8.3249557E-004, 1.4545528E-001,-9.1966642E-003,-2.7223112E-002, 9.0000000E-001
 2.0515276E+002,-6.3417524E-003,-8.3598580E-004, 1.3439811E-001,-5.3543047E-003,-1.7690400E-002, 9.0000000E-001
 2.0578522E+002,-6.3674878E-003,-8.7173278E-004, 1.3018693E-001,-2.2488109E-003,-2.2488952E-003, 9.0000000E-001
 2.0641767E+002,-6.4033935E-003,-9.2096665E-004, 1.3184471E-001,-5.7015801E-003, 1.1757652E-002, 9.0000000E-001
 2.0705013E+002,-6.4433326E-003,-9.5050585E-004, 1.3480411E-001,-1.5233944E-002, 1.6489299E-002, 9.0000000E-001
 2.0776164E+002,-6.4813071E-003,-9.5254137E-004, 1.3562052E-001,-2.5785847E-002, 9.9257031E-003, 9.0000000E-001
 2.0839410E+002,-6.5068409E-003,-9.3940220E-004, 1.3380760E-001,-3.0330151E-002,-1.2069766E-003, 9.0000000E-001
 2.0902655E+002,-6.5148388E-003,-9.0475314E-004, 1.3250741E-001,-2.6770130E-002,-7.5661877E-003, 9.0000000E-001
 2.0965901E+002,-6.5058173E-003,-8.4168860E-004, 1.3516240E-001,-1.7887013E-002,-5.2193269E-003, 9.0000000E-001
 2.1029146E+002,-6.4844215E-003,-7.5745961E-004, 1.4224938E-001,-8.0263146E-003, 4.7987641E-003, 9.0000000E-001
 2.1092392E+002,-6.4613845E-003,-6.6745841E-004, 1.5027338E-001,-1.6780148E-003, 1.6848124E-002, 9.0000000E-001
 2.1163543E+002,-6.4419399E-003,-5.9525825E-004, 1.5474558E-001,-2.2565483E-003, 2.4149931E-002, 9.0000000E-001
 2.1226789E+002,-6.4267716E-003,-5.6853645E-004, 1.5253848E-001,-1.0009936E-002, 2.1286964E-002, 9.0000000E-001
 2.1290034E+002,-6.4157062E-003,-5.7968874E-004, 1.4471232E-001,-2.0555315E-002, 9.7388112E-003, 9.0000000E-001
 2.1353280E+002,-6.4119390E-003,-5.9902608E-004, 1.3415942E-001,-2.9668608E-002,-5.8924958E-003, 9.0000000E-001
 2.1416525E+002,-6.4225961E-003,-6.0203857E-004, 1.2433706E-001,-3.3818189E-002,-2.0858858E-002, 9.0000000E-001
 2.1479771E+002,-6.4483563E-003,-5.7423341E-004, 1.1746804E-001,-3.1347695E-002,-3.2825482E-002, 9.0000000E-001
 2.1543017E+002,-6.4827897E-003,-5.1217951E-004, 1.1338805E-001,-2.3093819E-002,-4.2346337E-002, 9.0000000E-001
 2.1614168E+002,-6.5214873E-003,-4.2391829E-004, 1.1016261E-001,-1.1550957E-002,-5.0750186E-002, 9.0000000E-001
 2.1677413E+002,-6.5569887E-003,-3.3036441E-004, 1.0696726E-001,-1.6317700E-003,-5.5911205E-002, 9.0000000E-001
 2.1740659E+002,-6.5837650E-003,-2.3576783E-004, 1.0493932E-001, 3.4930227E-003,-5.5081549E-002, 9.0000000E-001
 2.1803904E+002,-6.5963459E-003,-1.2596576E-004, 1.0534003E-001, 4.7047332E-003,-4.8597279E-002, 9.0000000E-001
 2.1867150E+002,-6.5902743E-003,-2.2143755E-005, 1.0833420E-001, 4.4385673E-003,-3.9490734E-002, 9.0000000E-001
 2.1930396E+002,-6.5728403E-003, 4.9221781E-005, 1.1244423E-001, 5.2209772E-003,-3.1225429E-002, 9.0000000E-001
 2.2001547E+002,-6.5551030E-003, 1.0077303E-004, 1.1588337E-001, 7.6857410E-003,-2.4867393E-002, 9.0000000E-001
 2.2064792E+002,-6.5423640E-003, 1.5115502E-004, 1.1710443E-001, 1.0105531E-002,-2.0068409E-002, 9.0000000E-001
 2.2128038E+002,-6.5322847E-003, 1.8853895E-004, 1.1613820E-001, 1.0510554E-002,-1.5367070E-002, 9.0000000E-001
 2.2191283E+002,-6.5249275E-003, 2.0757742E-004, 1.1426124E-001, 8.2242086E-003,-9.2299886E-003, 9.0000000E-001
 2.2254529E+002,-6.5229044E-003, 2.2359439E-004, 1.1368550E-001, 3.5338168E-003,-1.6943349E-003, 9.0000000E-001
 2.2317775E+002,-6.5284654E-003, 2.4921627E-004, 1.1698448E-001,-2.4009410E-003, 5.8954760E-003, 9.0000000E-001
 2.2388926E+002,-6.5393437E-003, 2.7717268E-004, 1.2558685E-001,-8.3466960E-003, 1.2097352E-002, 9.0000000E-001
 2.2452171E+002,-6.5446821E-003, 2.7114973E-004, 1.3624695E-001,-1.2285522E-002, 1.5535029E-002, 9.0000000E-001
 2.2515417E+002,-6.5379002E-003, 2.2625896E-004, 1.4354657E-001,-1.2652090E-002, 1.6514546E-002, 9.0000000E-001
 2.2578662E+002,-6.5223790E-003, 1.7579267E-004, 1.4513886E-001,-8.2606609E-003, 1.5952458E-002, 9.0000000E-001
 2.2641908E+002,-6.5059384E-003, 1.4586053E-004, 1.4106298E-001, 1.6471669E-003, 1.4265942E-002, 9.0000000E-001
 2.2705154E+002,-6.4910819E-003, 1.3962737E-004, 1.3406271E-001, 1.4634128E-002, 1.2240715E-002, 9.0000000E-001
 2.2776305E+002,-6.4753112E-003, 1.3165855E-004, 1.2774669E-001, 2.4772926E-002, 1.1064103E-002, 9.0000000E-001
 2.2839550E+002,-6.4613489E-003, 1.0778845E-004, 1.2547042E-001, 2.5157766E-002, 1.0853924E-002, 9.0000000E-001
 2.2902796E+002,-6.4484111E-003, 1.0109903E-004, 1.2674301E-001, 1.6857211E-002, 1.0258202E-002, 9.0000000E-001
 2.2966042E+002,-6.4327618E-003, 1.3184381E-004, 1.2838525E-001, 5.7132565E-003, 9.6690280E-003, 9.0000000E-001
 2.3029287E+002,-6.4161767E-003, 1.8034552E-004, 1.2766737E-001,-2.8524625E-003, 1.1695972E-002, 9.0000000E-001
 2.3092533E+002,-6.4007789E-003, 2.1656124E-004, 1.2421938E-001,-6.8226281E-003, 1.7871150E-002, 9.0000000E-001
 2.3155778E+002,-6.3894711E-003, 2.1997392E-004, 1.2011989E-001,-7.7621818E-003, 2.5337231E-002, 9.0000000E-001
 2.3226929E+002,-6.3881836E-003, 1.6686835E-004, 1.1777918E-001,-8.4354425E-003, 2.7933170E-002, 9.0000000E-001
 2.3290175E+002,-6.3994967E-003, 5.1316756E-005, 1.1837333E-001,-1.0783097E-002, 2.1050096E-002, 9.0000000E-001
 2.3353421E+002,-6.4181245E-003,-9.5831478E-005, 1.2089126E-001,-1.5041082E-002, 8.3136070E-003, 9.0000000E-001
 2.3416666E+002,-6.4364843E-003,-2.4695797E-004, 1.2394479E-001,-2.0065986E-002,-2.9071700E-003, 9.0000000E-001
 2.3479912E+002,-6.4495361E-003,-3.7246317E-004, 1.2742788E-001,-2.3608333E-002,-6.0395462E-003, 9.0000000E-001
 2.3543157E+002,-6.4570797E-003,-4.4089682E-004, 1.3246837E-001,-2.4341749E-002, 3.7153124E-004, 9.0000000E-001
 2.3614308E+002,-6.4611862E-003,-4.2940060E-004, 1.3940443E-001,-2.3131307E-002, 1.3201229E-002, 9.0000000E-001
 2.3677554E+002,-6.4614316E-003,-3.6925948E-004, 1.4521532E-001,-2.2852968E-002, 2.4128616E-002, 9.0000000E-001
 2.3740800E+002,-6.4593159E-003,-3.1250517E-004, 1.4711404E-001,-2.5886033E-002, 2.5681973E-002, 9.0000000E-001
 2.3804045E+002,-6.4578924E-003,-2.6207966E-004, 1.4527043E-001,-3.1730485E-002, 1.7135889E-002, 9.0000000E-001
 2.3867291E+002,-6.4564417E-003,-2.0738060E-004, 1.4119034E-001,-3.6302971E-002, 3.9227827E-003, 9.0000000E-001
 2.3930536E+002,-6.4535288E-003,-1.5449156E-004, 1.3735388E-001,-3.4818746E-002,-5.4329830E-003, 9.0000000E-001
 2.4001687E+002,-6.4479076E-003,-1.3175099E-004, 1.3661530E-001,-2.5884475E-002,-5.8092770E-003, 9.0000000E-001
 2.4064933E+002,-6.4385464E-003,-1.4287452E-004, 1.4072843E-001,-1.4850368E-002, 1.8113498E-003, 9.0000000E-001
 2.4128179E+002,-6.4305450E-003,-1.6175472E-004, 1.4747118E-001,-7.9097903E-003, 1.2006883E-002, 9.0000000E-001
 2.4191424E+002,-6.4276272E-003,-1.8536276E-004, 1.5272376E-001,-4.7237408E-003, 2.0894277E-002, 9.0000000E-001
 2.4254670E+002,-6.4294475E-003,-2.2323143E-004, 1.5300920E-001,-1.3063202E-003, 2.5226092E-002, 9.0000000E-001
 2.4317915E+002,-6.4336691E-003,-2.8671975E-004, 1.4945051E-001, 5.0690892E-003, 2.3146530E-002, 9.0000000E-001
 2.4381161E+002,-6.4398543E-003,-3.8866193E-004, 1.4644979E-001, 1.3149626E-002, 1.5446654E-002, 9.0000000E-001
 2.4452312E+002,-6.4489077E-003,-5.3376037E-004, 1.4498511E-001, 2.1393032E-002, 4.9906178E-003, 9.0000000E-001
 2.4515558E+002,-6.4590862E-003,-7.0301871E-004, 1.4076281E-001, 2.8206243E-002,-3.4134538E-003, 9.0000000E-001
 2.4578803E+002,-6.4656639E-003,-8.6005555E-004, 1.3079387E-001, 3.2213802E-002,-7.2504759E-003, 9.0000000E-001
 2.4642049E+002,-6.4688040E-003,-1.0057170E-003, 1.1718359E-001, 3.3404438E-002,-7.3335685E-003, 9.0000000E-001
 2.4705294E+002,-6.4716129E-003,-1.1647771E-003, 1.0481720E-001, 3.3104463E-002,-4.9697403E-003, 9.0000000E-001
 2.4768540E+002,-6.4773531E-003,-1.3222809E-003, 9.6372176E-002, 3.3487838E-002,-1.0519876E-003, 9.0000000E-001
 2.4839691E+002,-6.4862357E-003,-1.4904944E-003, 9.1399020E-002, 3.5778915E-002, 4.6700749E-003, 9.0000000E-001
 2.4902937E+002,-6.4955848E-003,-1.6543868E-003, 8.9183342E-002, 3.8975335E-002, 1.1780414E-002, 9.0000000E-001
 2.4966182E+002,-6.5052046E-003,-1.7882822E-003, 8.9180639E-002, 4.0618980E-002, 1.9196688E-002, 9.0000000E-001
 2.5029428E+002,-6.5161333E-003,-1.9146307E-003, 9.1215178E-002, 3.8630805E-002, 2.6422692E-002, 9.0000000E-001
 2.5092673E+002,-6.5285795E-003,-2.0573661E-003, 9.4947921E-002, 3.1861340E-002, 3.2340675E-002, 9.0000000E-001
 2.5155919E+002,-6.5397419E-003,-2.1963878E-003, 9.9173579E-002, 2.1500658E-002, 3.5697033E-002, 9.0000000E-001
 2.5227070E+002,-6.5451992E-003,-2.2922588E-003, 1.0254755E-001, 1.0295452E-002, 3.5397954E-002, 9.0000000E-001
 2.5290316E+002,-6.5405290E-003,-2.3183526E-003, 1.0412679E-001, 2.5052878E-003, 3.1343265E-002, 9.0000000E-001
 2.5353561E+002,-6.5248584E-003,-2.3175193E-003, 1.0440655E-001,-2.5078503E-004, 2.5243419E-002, 9.0000000E-001
 2.5416807E+002,-6.5051658E-003,-2.3218593E-003, 1.0419522E-001, 9.2831680E-004, 1.8626637E-002, 9.0000000E-001
 2.5480052E+002,-6.4878224E-003,-2.3187483E-003, 1.0364434E-001, 4.7341393E-003, 1.2940021E-002, 9.0000000E-001
 2.5543298E+002,-6.4732182E-003,-2.3146680E-003, 1.0248944E-001, 9.5114878E-003, 9.1567755E-003, 9.0000000E-001
 2.5606543E+002,-6.4580693E-003,-2.3385170E-003, 1.0048843E-001, 1.3499032E-002, 7.7170776E-003, 9.0000000E-001
 2.5677695E+002,-6.4376867E-003,-2.3564013E-003, 9.7477585E-002, 1.5096572E-002, 8.8516207E-003, 9.0000000E-001
 2.5740940E+002,-6.4130358E-003,-2.3289062E-003, 9.3892070E-002, 1.3217186E-002, 1.2553705E-002, 9.0000000E-001
 2.5804186E+002,-6.3894701E-003,-2.2955345E-003, 9.0322274E-002, 8.7879325E-003, 1.8058761E-002, 9.0000000E-001
 2.5867431E+002,-6.3683046E-003,-2.2739501E-003, 8.6962256E-002, 3.4440521E-003, 2.4370287E-002, 9.0000000E-001
 2.5930677E+002,-6.3491436E-003,-2.2520959E-003, 8.4316894E-002,-6.7273855E-004, 2.9606890E-002, 9.0000000E-001
 2.5993922E+002,-6.3324866E-003,-2.2521884E-003, 8.3000014E-002,-1.2941485E-003, 3.1838868E-002, 9.0000000E-001
 2.6065074E+002,-6.3250035E-003,-2.2718105E-003, 8.3887784E-002, 3.3512148E-003, 2.9712235E-002, 9.0000000E-001
 2.6128319E+002,-6.3347763E-003,-2.2601845E-003, 8.7585367E-002, 1.2281660E-002, 2.3407907E-002, 9.0000000E-001
 2.6191565E+002,-6.3590222E-003,-2.2114536E-003, 9.3148106E-002, 2.1912801E-002, 1.5126592E-002, 9.0000000E-001
 2.6254810E+002,-6.3898962E-003,-2.1618317E-003, 9.8934538E-002, 3.0044884E-002, 6.9495246E-003, 9.0000000E-001
 2.6318056E+002,-6.4205554E-003,-2.1329151E-003, 1.0301753E-001, 3.5138568E-002, 1.0307344E-003, 9.0000000E-001
 2.6381301E+002,-6.4496882E-003,-2.1020519E-003, 1.0469682E-001, 3.6451137E-002,-1.7508625E-003, 9.0000000E-001
 2.6452453E+002,-6.4794501E-003,-2.0480811E-003, 1.0482422E-001, 3.3476146E-002,-1.9593531E-003, 9.0000000E-001
 2.6515698E+002,-6.5032929E-003,-2.0197574E-003, 1.0492365E-001, 2.7057758E-002,-1.0354186E-003, 9.0000000E-001
 2.6578944E+002,-6.5123000E-003,-2.0232643E-003, 1.0581111E-001, 1.9842397E-002,-6.6603140E-004, 9.0000000E-001
 2.6642189E+002,-6.5073813E-003,-2.0170500E-003, 1.0719821E-001, 1.3849833E-002,-1.9536306E-003, 9.0000000E-001
 2.6705435E+002,-6.4989831E-003,-2.0123443E-003, 1.0832478E-001, 1.0520081E-002,-5.4637516E-003, 9.0000000E-001
 2.6768680E+002,-6.4953124E-003,-2.0404894E-003, 1.0878023E-001, 9.6709813E-003,-1.0977938E-002, 9.0000000E-001
 2.6839832E+002,-6.4978461E-003,-2.1042686E-003, 1.0897887E-001, 9.9294906E-003,-1.7840757E-002, 9.0000000E-001
 2.6903077E+002,-6.5066488E-003,-2.2000784E-003, 1.1003026E-001, 1.0435530E-002,-2.3759391E-002, 9.0000000E-001
 2.6966323E+002,-6.5199694E-003,-2.3192858E-003, 1.1320150E-001, 1.1768053E-002,-2.6062664E-002, 9.0000000E-001
 2.7029568E+002,-6.5427981E-003,-2.4358729E-003, 1.1986661E-001, 1.3925609E-002,-2.2737717E-002, 9.0000000E-001
 2.7092814E+002,-6.5788803E-003,-2.5278125E-003, 1.3035592E-001, 1.4288348E-002,-1.2443467E-002, 9.0000000E-001
 2.7156059E+002,-6.6203751E-003,-2.5979477E-003, 1.4249069E-001, 9.7140612E-003, 3.1014514E-003, 9.0000000E-001
 2.7219305E+002,-6.6539425E-003,-2.6326943E-003, 1.5207501E-001, 1.0464608E-003, 1.8110757E-002, 9.0000000E-001
 2.7290456E+002,-6.6732921E-003,-2.6062590E-003, 1.5596710E-001,-6.6237929E-003, 2.4992749E-002, 9.0000000E-001
 2.7353702E+002,-6.6852218E-003,-2.5088614E-003, 1.5424211E-001,-7.5674558E-003, 1.9042863E-002, 9.0000000E-001
 2.7416947E+002,-6.7003762E-003,-2.3776464E-003, 1.5039175E-001,-2.5602246E-003, 5.9565932E-003, 9.0000000E-001
 2.7480193E+002,-6.7201588E-003,-2.2405744E-003, 1.4680142E-001, 4.0104286E-003,-5.3373841E-003, 9.0000000E-001
 2.7543438E+002,-6.7392251E-003,-2.0913105E-003, 1.4424146E-001, 8.5517614E-003,-7.6917873E-003, 9.0000000E-001
 2.7606684E+002,-6.7546107E-003,-1.9166441E-003, 1.4221523E-001, 9.7916391E-003, 9.0582562E-004, 9.0000000E-001
 2.7677835E+002,-6.7696085E-003,-1.7507652E-003, 1.3917071E-001, 8.5832871E-003, 1.7830635E-002, 9.0000000E-001
 2.7741081E+002,-6.7853444E-003,-1.6488203E-003, 1.3390255E-001, 7.7004041E-003, 3.3598956E-002, 9.0000000E-001
 2.7804326E+002,-6.7963041E-003,-1.5996889E-003, 1.2695905E-001, 9.9600158E-003, 3.9129522E-002, 9.0000000E-001
 2.7867572E+002,-6.7982406E-003,-1.5765831E-003, 1.1976076E-001, 1.5565836E-002, 3.3494183E-002, 9.0000000E-001
 2.7930817E+002,-6.7915206E-003,-1.5634012E-003, 1.1443799E-001, 2.1548046E-002, 2.1518419E-002, 9.0000000E-001
 2.7994063E+002,-6.7811916E-003,-1.5435939E-003, 1.1252204E-001, 2.3924074E-002, 1.0091869E-002, 9.0000000E-001
 2.8065214E+002,-6.7703289E-003,-1.5152531E-003, 1.1461762E-001, 2.0309366E-002, 2.6448655E-003, 9.0000000E-001
 2.8128460E+002,-6.7589722E-003,-1.4886922E-003, 1.1924160E-001, 1.2023790E-002,-7.0693157E-004, 9.0000000E-001
 2.8191705E+002,-6.7446756E-003,-1.4596033E-003, 1.2329863E-001, 3.1336794E-003,-2.5335364E-003, 9.0000000E-001
 2.8254951E+002,-6.7242474E-003,-1.4261319E-003, 1.2477893E-001,-3.9822211E-003,-5.3393456E-003, 9.0000000E-001
 2.8318196E+002,-6.6971488E-003,-1.4090670E-003, 1.2295799E-001,-8.2432252E-003,-1.0217458E-002, 9.0000000E-001
 2.8381442E+002,-6.6689102E-003,-1.4278642E-003, 1.1890990E-001,-1.0264846E-002,-1.6773869E-002, 9.0000000E-001
 2.8444688E+002,-6.6478197E-003,-1.4966934E-003, 1.1467315E-001,-1.1405005E-002,-2.3274934E-002, 9.0000000E-001
 2.8515839E+002,-6.6358107E-003,-1.6308557E-003, 1.1201834E-001,-1.2598754E-002,-2.7739444E-002, 9.0000000E-001
 2.8579084E+002,-6.6312238E-003,-1.8033052E-003, 1.1243044E-001,-1.3405036E-002,-2.8357812E-002, 9.0000000E-001
 2.8642330E+002,-6.6312922E-003,-1.9698523E-003, 1.1627333E-001,-1.2705552E-002,-2.5372914E-002, 9.0000000E-001
 2.8705575E+002,-6.6353486E-003,-2.1619660E-003, 1.2354625E-001,-1.0188660E-002,-1.9984690E-002, 9.0000000E-001
 2.8768821E+002,-6.6441045E-003,-2.4002322E-003, 1.3352779E-001,-7.1655370E-003,-1.3652528E-002, 9.0000000E-001
 2.8832067E+002,-6.6554857E-003,-2.6435364E-003, 1.4408957E-001,-6.3296914E-003,-7.6501709E-003, 9.0000000E-001
 2.8903218E+002,-6.6629300E-003,-2.8928483E-003, 1.5232940E-001,-1.0642516E-002,-2.0849987E-003, 9.0000000E-001
 2.8966463E+002,-6.6581980E-003,-3.1244962E-003, 1.5454225E-001,-2.0330013E-002, 2.7762285E-003, 9.0000000E-001
 2.9029709E+002,-6.6425400E-003,-3.2625159E-003, 1.5036412E-001,-3.1399640E-002, 6.0751272E-003, 9.0000000E-001
 2.9092954E+002,-6.6219983E-003,-3.3234074E-003, 1.4232815E-001,-3.9532576E-002, 6.7403779E-003, 9.0000000E-001
 2.9156200E+002,-6.6014743E-003,-3.3686198E-003, 1.3398327E-001,-4.1114225E-002, 4.2761859E-003, 9.0000000E-001
 2.9219446E+002,-6.5828291E-003,-3.3688928E-003, 1.2851768E-001,-3.5985272E-002, 6.4286401E-004, 9.0000000E-001
 2.9290597E+002,-6.5686260E-003,-3.2910999E-003, 1.2769642E-001,-2.6315467E-002,-1.3463261E-003, 9.0000000E-001
 2.9353842E+002,-6.5666555E-003,-3.1707920E-003, 1.3204289E-001,-1.7087842E-002,-8.5983561E-004, 9.0000000E-001
 2.9417088E+002,-6.5800879E-003,-3.0319189E-003, 1.3925855E-001,-1.3413916E-002, 2.5938509E-004, 9.0000000E-001
 2.9480333E+002,-6.6042937E-003,-2.8536982E-003, 1.4528344E-001,-1.7081449E-002, 4.3258020E-004, 9.0000000E-001
 2.9543579E+002,-6.6302798E-003,-2.6655036E-003, 1.4509376E-001,-2.6366429E-002,-8.2165291E-004, 9.0000000E-001
 2.9606825E+002,-6.6471159E-003,-2.4904071E-003, 1.3634850E-001,-3.6256017E-002,-2.7943616E-003, 9.0000000E-001
 2.9670070E+002,-6.6523691E-003,-2.3311622E-003, 1.2180259E-001,-4.2571055E-002,-3.8749475E-003, 9.0000000E-001
 2.9741221E+002,-6.6492916E-003,-2.2103333E-003, 1.0655186E-001,-4.4441066E-002,-2.3774355E-003, 9.0000000E-001
 2.9804467E+002,-6.6420067E-003,-2.1664440E-003, 9.6346553E-002,-4.2854588E-002, 1.6800837E-003, 9.0000000E-001
 2.9867713E+002,-6.6310572E-003,-2.1631598E-003, 9.2414237E-002,-3.9282146E-002, 5.7030780E-003, 9.0000000E-001
 2.9930958E+002,-6.6159221E-003,-2.1458540E-003, 9.2327384E-002,-3.4195776E-002, 7.1817110E-003, 9.0000000E-001
 2.9994204E+002,-6.6011884E-003,-2.0996198E-003, 9.3469726E-002,-2.7758070E-002, 5.0737003E-003, 9.0000000E-001
 3.0057449E+002,-6.5906267E-003,-2.0335988E-003, 9.3506701E-002,-2.0204682E-002, 7.7458327E-004, 9.0000000E-001
 3.0128600E+002,-6.5818639E-003,-1.9568991E-003, 9.1199650E-002,-1.1402302E-002,-3.2213126E-003, 9.0000000E-001
 3.0191846E+002,-6.5691230E-003,-1.8199157E-003, 8.7044753E-002,-2.3538776E-003,-4.3150605E-003, 9.0000000E-001
 3.0255092E+002,-6.5488336E-003,-1.6113360E-003, 8.2662102E-002, 5.8141792E-003,-2.1603579E-003, 9.0000000E-001
 3.0318337E+002,-6.5238275E-003,-1.3852497E-003, 7.9150193E-002, 1.3025386E-002, 1.7166123E-003, 9.0000000E-001
 3.0381583E+002,-6.5038591E-003,-1.1776347E-003, 7.7398718E-002, 1.8726748E-002, 5.3233205E-003, 9.0000000E-001
 3.0444828E+002,-6.4912571E-003,-9.9972401E-004, 7.7508636E-002, 2.2551478E-002, 7.3831115E-003, 9.0000000E-001
 3.0515979E+002,-6.4779669E-003,-8.7025778E-004, 7.8961920E-002, 2.4395229E-002, 7.7294178E-003, 9.0000000E-001
 3.0579225E+002,-6.4559792E-003,-7.6685569E-004, 8.0745184E-002, 2.4453391E-002, 6.6375340E-003, 9.0000000E-001
 3.0642471E+002,-6.4274127E-003,-6.6311530E-004, 8.2051353E-002, 2.3752222E-002, 4.4850213E-003, 9.0000000E-001
 3.0705716E+002,-6.3903980E-003,-5.6551012E-004, 8.2845657E-002, 2.3133074E-002, 1.3207681E-003, 9.0000000E-001
 3.0768962E+002,-6.3489490E-003,-4.7169561E-004, 8.3408809E-002, 2.2744466E-002,-2.7228201E-003, 9.0000000E-001
 3.0832207E+002,-6.3153726E-003,-3.7020907E-004, 8.4164714E-002, 2.2113964E-002,-7.3318561E-003, 9.0000000E-001
 3.0903358E+002,-6.2842439E-003,-2.6341505E-004, 8.5475200E-002, 2.0498219E-002,-1.2141247E-002, 9.0000000E-001
 3.0966604E+002,-6.2460426E-003,-1.8221197E-004, 8.7273893E-002, 1.7654814E-002,-1.5598231E-002, 9.0000000E-001
 3.1029850E+002,-6.2055884E-003,-1.1573485E-004, 8.9224043E-002, 1.4095467E-002,-1.6038639E-002, 9.0000000E-001
 3.1093095E+002,-6.1663099E-003,-3.3013509E-005, 9.1268733E-002, 1.0497326E-002,-1.2753447E-002, 9.0000000E-001
 3.1156341E+002,-6.1312144E-003, 4.2801985E-005, 9.3481365E-002, 8.0589772E-003,-6.0930331E-003, 9.0000000E-001
 3.1219586E+002,-6.0990466E-003, 7.9547480E-005, 9.6197012E-002, 7.7372024E-003, 2.1619800E-003, 9.0000000E-001
 3.1282832E+002,-6.0715566E-003, 7.5776844E-005, 1.0003309E-001, 9.3260623E-003, 9.5636562E-003, 9.0000000E-001
